method,ate,ate_pct,ci_low,ci_high,se,p_value,cohort,outcome,n,n_treated,n_control,outcome_rate,diag_ps_overlap_frac,diag_ps_min,diag_ps_max,diag_frac_clipped,diag_max_smd_raw,diag_mean_smd_raw,diag_max_smd_weighted,diag_mean_smd_weighted,diag_ess,diag_ess_frac,intervention,equipoise_def,counterfactual_risk_treated,counterfactual_risk_control,risk_ratio,e_value,e_value_ci
unadjusted,0.1497936810284492,14.97936810284492,0.13638887896716867,0.16319848308972973,0.00683931039907666,2.4934013535627126e-106,full,mortality_in_hospital,63838,3655,60183,0.07136815063128545,0.12100943011999123,0.003466141866246112,0.8410925366761363,0.3724584103512015,0.7611880731212993,0.21743328302318476,0.15545294549043429,0.05544931948768924,8500.881458912749,0.1331633425062306,intv_vasopressors,shock,,,,,
iptw,0.1476408362957123,14.764083629571232,0.12990027273189375,0.16538139985953088,0.009051474263687423,8.209886505408915e-60,full,mortality_in_hospital,63838,3655,60183,0.07136815063128545,0.12100943011999123,0.003466141866246112,0.8410925366761363,0.3724584103512015,0.7611880731212993,0.21743328302318476,0.15545294549043429,0.05544931948768924,8500.881458912749,0.1331633425062306,intv_vasopressors,shock,,,,,
aipw,0.11645066558370373,11.645066558370374,0.10164918666264665,0.1312521445047608,0.0075519137279099315,1.200659813158092e-53,full,mortality_in_hospital,63838,3655,60183,0.07136815063128545,0.12100943011999123,0.003466141866246112,0.8410925366761363,0.3724584103512015,0.7611880731212993,0.21743328302318476,0.15545294549043429,0.05544931948768924,8500.881458912749,0.1331633425062306,intv_vasopressors,shock,0.18178048795917923,0.06532982237547545,2.7825039369373643,5.009570218423968,4.5501509306990355
att,0.10546506133909642,10.546506133909642,0.0913747115967503,0.11955541108144253,0.007189086051319817,1.0010488199562574e-48,full,mortality_in_hospital,63838,3655,60183,0.07136815063128545,0.12100943011999123,0.003466141866246112,0.8410925366761363,0.3724584103512015,0.7611880731212993,0.21743328302318476,0.15545294549043429,0.05544931948768924,8500.881458912749,0.1331633425062306,intv_vasopressors,shock,,0.10712043797690905,,,
ato,0.12944159979213232,12.944159979213232,0.1143347229158995,0.14454847666836515,0.00770773187435787,2.7122971177953457e-63,full,mortality_in_hospital,63838,3655,60183,0.07136815063128545,0.12100943011999123,0.003466141866246112,0.8410925366761363,0.3724584103512015,0.7611880731212993,0.21743328302318476,0.15545294549043429,0.05544931948768924,8500.881458912749,0.1331633425062306,intv_vasopressors,shock,,,,,
unadjusted,0.13424360306627942,13.42436030662794,0.12036680850203407,0.14812039763052476,0.007080127325656865,3.6086577118285905e-80,full,mortality_28d,63838,3655,60183,0.10490616873962216,0.12100943011999123,0.003466141866246112,0.8410925366761363,0.3724584103512015,0.7611880731212993,0.21743328302318476,0.15545294549043429,0.05544931948768924,8500.881458912749,0.1331633425062306,intv_vasopressors,shock,,,,,
iptw,0.13288999841078525,13.288999841078525,0.11468034085979854,0.15109965596177197,0.009290812328503057,2.084418668573547e-46,full,mortality_28d,63838,3655,60183,0.10490616873962216,0.12100943011999123,0.003466141866246112,0.8410925366761363,0.3724584103512015,0.7611880731212993,0.21743328302318476,0.15545294549043429,0.05544931948768924,8500.881458912749,0.1331633425062306,intv_vasopressors,shock,,,,,
aipw,0.10171536254284701,10.171536254284701,0.08689560595177903,0.11653511913391498,0.00756123924111072,2.9881465580068846e-41,full,mortality_28d,63838,3655,60183,0.10490616873962216,0.12100943011999123,0.003466141866246112,0.8410925366761363,0.3724584103512015,0.7611880731212993,0.21743328302318476,0.15545294549043429,0.05544931948768924,8500.881458912749,0.1331633425062306,intv_vasopressors,shock,0.20142462460934507,0.09970926206649804,2.0201194997813854,3.455655390525887,3.1485897685589133
att,0.09076884492445919,9.076884492445918,0.0766576048770138,0.10488008497190458,0.007199744566100732,1.9264242193168144e-36,full,mortality_28d,63838,3655,60183,0.10490616873962216,0.12100943011999123,0.003466141866246112,0.8410925366761363,0.3724584103512015,0.7611880731212993,0.21743328302318476,0.15545294549043429,0.05544931948768924,8500.881458912749,0.1331633425062306,intv_vasopressors,shock,,0.14069490336555449,,,
ato,0.11599503946105216,11.599503946105216,0.10029351636711042,0.1316965625549939,0.008011128376742303,1.6390261532835216e-47,full,mortality_28d,63838,3655,60183,0.10490616873962216,0.12100943011999123,0.003466141866246112,0.8410925366761363,0.3724584103512015,0.7611880731212993,0.21743328302318476,0.15545294549043429,0.05544931948768924,8500.881458912749,0.1331633425062306,intv_vasopressors,shock,,,,,
unadjusted,0.13771040278814006,13.771040278814006,0.12271319280464624,0.1527076127716339,0.0076517783499033135,2.05008644741106e-72,full,mortality_90d,63838,3655,60183,0.16073498543187442,0.12100943011999123,0.003466141866246112,0.8410925366761363,0.3724584103512015,0.7611880731212993,0.21743328302318476,0.15545294549043429,0.05544931948768924,8500.881458912749,0.1331633425062306,intv_vasopressors,shock,,,,,
iptw,0.14334599383997512,14.334599383997512,0.1233283494190632,0.16336363826088704,0.010213271559481983,9.483850274071629e-45,full,mortality_90d,63838,3655,60183,0.16073498543187442,0.12100943011999123,0.003466141866246112,0.8410925366761363,0.3724584103512015,0.7611880731212993,0.21743328302318476,0.15545294549043429,0.05544931948768924,8500.881458912749,0.1331633425062306,intv_vasopressors,shock,,,,,
aipw,0.10397390616116435,10.397390616116436,0.08809013272820905,0.11985767959411965,0.0081041149522361,1.1169966161111787e-37,full,mortality_90d,63838,3655,60183,0.16073498543187442,0.12100943011999123,0.003466141866246112,0.8410925366761363,0.3724584103512015,0.7611880731212993,0.21743328302318476,0.15545294549043429,0.05544931948768924,8500.881458912749,0.1331633425062306,intv_vasopressors,shock,0.2596394352529935,0.15566552909182912,1.6679314731254908,2.7234237402298405,2.507238023246711
att,0.08854280542703466,8.854280542703465,0.07344719596167205,0.10363841489239727,0.007701983089707181,1.38003780237695e-30,full,mortality_90d,63838,3655,60183,0.16073498543187442,0.12100943011999123,0.003466141866246112,0.8410925366761363,0.3724584103512015,0.7611880731212993,0.21743328302318476,0.15545294549043429,0.05544931948768924,8500.881458912749,0.1331633425062306,intv_vasopressors,shock,,0.2020180700859612,,,
ato,0.11676020901458259,11.676020901458259,0.09992847117117717,0.133591946857988,0.008587779151133394,4.224263543617568e-42,full,mortality_90d,63838,3655,60183,0.16073498543187442,0.12100943011999123,0.003466141866246112,0.8410925366761363,0.3724584103512015,0.7611880731212993,0.21743328302318476,0.15545294549043429,0.05544931948768924,8500.881458912749,0.1331633425062306,intv_vasopressors,shock,,,,,
unadjusted,0.15386821383652685,15.386821383652686,0.13666300319564045,0.17107342447741325,0.008778329998203487,8.730853417984507e-69,equipoise,mortality_in_hospital,26767,2456,24311,0.09844211155527328,0.24350879814697202,0.006491740134117791,0.8328155211305781,0.04546643254753988,0.5504693085871069,0.17481145123831093,0.07075133756948351,0.034274578484317725,5388.811644921285,0.20132295905111836,intv_vasopressors,shock,,,,,
iptw,0.15446599617754508,15.446599617754508,0.1328294799218387,0.17610251243325148,0.011039241754630428,1.7334542093076956e-44,equipoise,mortality_in_hospital,26767,2456,24311,0.09844211155527328,0.24350879814697202,0.006491740134117791,0.8328155211305781,0.04546643254753988,0.5504693085871069,0.17481145123831093,0.07075133756948351,0.034274578484317725,5388.811644921285,0.20132295905111836,intv_vasopressors,shock,,,,,
aipw,0.13610501331090033,13.610501331090033,0.1159739250224911,0.15623610159930956,0.010271152147284694,4.440907315593147e-40,equipoise,mortality_in_hospital,26767,2456,24311,0.09844211155527328,0.24350879814697202,0.006491740134117791,0.8328155211305781,0.04546643254753988,0.5504693085871069,0.17481145123831093,0.07075133756948351,0.034274578484317725,5388.811644921285,0.20132295905111836,intv_vasopressors,shock,0.22451018213206844,0.08840516882116808,2.5395594525272918,4.5168815710485575,4.0533346004283715
att,0.10938878101131677,10.938878101131678,0.09104640166748793,0.12773116035514562,0.00935852877323828,1.4564472001106206e-31,equipoise,mortality_in_hospital,26767,2456,24311,0.09844211155527328,0.24350879814697202,0.006491740134117791,0.8328155211305781,0.04546643254753988,0.5504693085871069,0.17481145123831093,0.07075133756948351,0.034274578484317725,5388.811644921285,0.20132295905111836,intv_vasopressors,shock,,0.1288034013991067,,,
ato,0.13231417447817984,13.231417447817984,0.11296811989401753,0.15166022906234214,0.009870617387238502,5.663543552161866e-41,equipoise,mortality_in_hospital,26767,2456,24311,0.09844211155527328,0.24350879814697202,0.006491740134117791,0.8328155211305781,0.04546643254753988,0.5504693085871069,0.17481145123831093,0.07075133756948351,0.034274578484317725,5388.811644921285,0.20132295905111836,intv_vasopressors,shock,,,,,
unadjusted,0.13577016449571694,13.577016449571694,0.11788039099862993,0.15365993799280395,0.009127603179547823,4.812901920278878e-50,equipoise,mortality_28d,26767,2456,24311,0.1389023797960175,0.24350879814697202,0.006491740134117791,0.8328155211305781,0.04546643254753988,0.5504693085871069,0.17481145123831093,0.07075133756948351,0.034274578484317725,5388.811644921285,0.20132295905111836,intv_vasopressors,shock,,,,,
iptw,0.1422808206625851,14.22808206625851,0.11979337696186353,0.1647682643633067,0.01147339638794369,2.58298193404239e-35,equipoise,mortality_28d,26767,2456,24311,0.1389023797960175,0.24350879814697202,0.006491740134117791,0.8328155211305781,0.04546643254753988,0.5504693085871069,0.17481145123831093,0.07075133756948351,0.034274578484317725,5388.811644921285,0.20132295905111836,intv_vasopressors,shock,,,,,
aipw,0.12328174272465106,12.328174272465105,0.10310738985092731,0.14345609559837483,0.010293226320920425,4.691154152326781e-33,equipoise,mortality_28d,26767,2456,24311,0.1389023797960175,0.24350879814697202,0.006491740134117791,0.8328155211305781,0.04546643254753988,0.5504693085871069,0.17481145123831093,0.07075133756948351,0.034274578484317725,5388.811644921285,0.20132295905111836,intv_vasopressors,shock,0.25327481755044046,0.1299930748257894,1.9483716181794104,3.3077024625096803,2.985779987707361
att,0.09709909044710706,9.709909044710706,0.07871422378626652,0.1154839571079476,0.009380206374126267,4.1203303252765577e-25,equipoise,mortality_28d,26767,2456,24311,0.1389023797960175,0.24350879814697202,0.006491740134117791,0.8328155211305781,0.04546643254753988,0.5504693085871069,0.17481145123831093,0.07075133756948351,0.034274578484317725,5388.811644921285,0.20132295905111836,intv_vasopressors,shock,,0.165115893266248,,,
ato,0.11957114112329342,11.957114112329343,0.09940119712116449,0.13974108512542235,0.010290976855302888,3.2987043789723493e-31,equipoise,mortality_28d,26767,2456,24311,0.1389023797960175,0.24350879814697202,0.006491740134117791,0.8328155211305781,0.04546643254753988,0.5504693085871069,0.17481145123831093,0.07075133756948351,0.034274578484317725,5388.811644921285,0.20132295905111836,intv_vasopressors,shock,,,,,
unadjusted,0.12895845997783603,12.895845997783603,0.10984487376543757,0.1480720461902345,0.009752008895655225,6.3963249467903474e-40,equipoise,mortality_90d,26767,2456,24311,0.20372099973848395,0.24350879814697202,0.006491740134117791,0.8328155211305781,0.04546643254753988,0.5504693085871069,0.17481145123831093,0.07075133756948351,0.034274578484317725,5388.811644921285,0.20132295905111836,intv_vasopressors,shock,,,,,
iptw,0.14156473020742547,14.156473020742547,0.11746964511774065,0.16565981529711027,0.012293636658501776,1.1049358116046809e-30,equipoise,mortality_90d,26767,2456,24311,0.20372099973848395,0.24350879814697202,0.006491740134117791,0.8328155211305781,0.04546643254753988,0.5504693085871069,0.17481145123831093,0.07075133756948351,0.034274578484317725,5388.811644921285,0.20132295905111836,intv_vasopressors,shock,,,,,
aipw,0.11715031143903563,11.715031143903563,0.09634661470716281,0.13795400817090847,0.01061432602638096,2.5335247570980006e-28,equipoise,mortality_90d,26767,2456,24311,0.20372099973848395,0.24350879814697202,0.006491740134117791,0.8328155211305781,0.04546643254753988,0.5504693085871069,0.17481145123831093,0.07075133756948351,0.034274578484317725,5388.811644921285,0.20132295905111836,intv_vasopressors,shock,0.3124676168992734,0.19531730546023773,1.5997948372418278,2.5793603960605207,2.3515425061264468
att,0.0915886338541598,9.15886338541598,0.07241982770552832,0.11075744000279128,0.009780182850211828,7.62551598014322e-21,equipoise,mortality_90d,26767,2456,24311,0.20372099973848395,0.24350879814697202,0.006491740134117791,0.8328155211305781,0.04546643254753988,0.5504693085871069,0.17481145123831093,0.07075133756948351,0.034274578484317725,5388.811644921285,0.20132295905111836,intv_vasopressors,shock,,0.22925827168329949,,,
ato,0.11446603843258726,11.446603843258726,0.09311598802948369,0.13581608883569082,0.010893083021683075,7.924116495830515e-26,equipoise,mortality_90d,26767,2456,24311,0.20372099973848395,0.24350879814697202,0.006491740134117791,0.8328155211305781,0.04546643254753988,0.5504693085871069,0.17481145123831093,0.07075133756948351,0.034274578484317725,5388.811644921285,0.20132295905111836,intv_vasopressors,shock,,,,,
unadjusted,0.14225979852612045,14.225979852612044,0.12898330056696683,0.15553629648527406,0.006773847919592887,6.377839255367666e-98,full,mortality_in_hospital,56330,3532,52798,0.06428191017219954,0.1025208592224392,0.0026954909423836638,0.971038583496621,0.21574649387537725,0.7404841578736555,0.21154647126240644,0.16177667027651774,0.05282552991056616,7679.849852443231,0.13633676286957627,intv_mechanical_ventilation,resp_failure,,,,,
iptw,0.1360862212112206,13.60862212112206,0.11920498727227316,0.15296745515016805,0.008613032725144165,3.109423453564189e-56,full,mortality_in_hospital,56330,3532,52798,0.06428191017219954,0.1025208592224392,0.0026954909423836638,0.971038583496621,0.21574649387537725,0.7404841578736555,0.21154647126240644,0.16177667027651774,0.05282552991056616,7679.849852443231,0.13633676286957627,intv_mechanical_ventilation,resp_failure,,,,,
aipw,0.11045212998426768,11.045212998426768,0.09542178496890155,0.1254824749996338,0.007668684289060189,4.95387856252426e-47,full,mortality_in_hospital,56330,3532,52798,0.06428191017219954,0.1025208592224392,0.0026954909423836638,0.971038583496621,0.21574649387537725,0.7404841578736555,0.21154647126240644,0.16177667027651774,0.05282552991056616,7679.849852443231,0.13633676286957627,intv_mechanical_ventilation,resp_failure,0.1683908527214387,0.057938722737171,2.9063611478857525,5.260203533019905,4.734852450138915
att,0.10116414162377059,10.116414162377058,0.08458039860574001,0.11774788464180116,0.008461248853979472,6.027754979656041e-33,full,mortality_in_hospital,56330,3532,52798,0.06428191017219954,0.1025208592224392,0.0026954909423836638,0.971038583496621,0.21574649387537725,0.7404841578736555,0.21154647126240644,0.16177667027651774,0.05282552991056616,7679.849852443231,0.13633676286957627,intv_mechanical_ventilation,resp_failure,,0.09645760243058953,,,
ato,0.12831903839280534,12.831903839280534,0.11247991585812758,0.1441581609274831,0.008081333463071123,8.936131405054518e-57,full,mortality_in_hospital,56330,3532,52798,0.06428191017219954,0.1025208592224392,0.0026954909423836638,0.971038583496621,0.21574649387537725,0.7404841578736555,0.21154647126240644,0.16177667027651774,0.05282552991056616,7679.849852443231,0.13633676286957627,intv_mechanical_ventilation,resp_failure,,,,,
unadjusted,0.11668461008059222,11.668461008059221,0.10301562298753719,0.13035359717364725,0.006974101157406084,7.774592670256925e-63,full,mortality_28d,56330,3532,52798,0.10099414166518729,0.1025208592224392,0.0026954909423836638,0.971038583496621,0.21574649387537725,0.7404841578736555,0.21154647126240644,0.16177667027651774,0.05282552991056616,7679.849852443231,0.13633676286957627,intv_mechanical_ventilation,resp_failure,,,,,
iptw,0.12203294020706201,12.2032940207062,0.10414407817166217,0.13992180224246187,0.009127138139529554,9.012792424979075e-41,full,mortality_28d,56330,3532,52798,0.10099414166518729,0.1025208592224392,0.0026954909423836638,0.971038583496621,0.21574649387537725,0.7404841578736555,0.21154647126240644,0.16177667027651774,0.05282552991056616,7679.849852443231,0.13633676286957627,intv_mechanical_ventilation,resp_failure,,,,,
aipw,0.09369752195914385,9.369752195914385,0.07803846815316409,0.10935657576512361,0.007989459974518097,9.198615393406778e-32,full,mortality_28d,56330,3532,52798,0.10099414166518729,0.1025208592224392,0.0026954909423836638,0.971038583496621,0.21574649387537725,0.7404841578736555,0.21154647126240644,0.16177667027651774,0.05282552991056616,7679.849852443231,0.13633676286957627,intv_mechanical_ventilation,resp_failure,0.189748722620933,0.09605120066178914,1.9754955827055933,3.3636912514006507,3.025962606993871
att,0.07883235184638095,7.883235184638095,0.06224889326241817,0.09541581043034372,0.008461103731890473,1.1964312653355856e-20,full,mortality_28d,56330,3532,52798,0.10099414166518729,0.1025208592224392,0.0026954909423836638,0.971038583496621,0.21574649387537725,0.7404841578736555,0.21154647126240644,0.16177667027651774,0.05282552991056616,7679.849852443231,0.13633676286957627,intv_mechanical_ventilation,resp_failure,,0.1315300490596213,,,
ato,0.10361355947503739,10.36135594750374,0.08718023061075078,0.120046888339324,0.008384505528627368,4.4240749129165734e-35,full,mortality_28d,56330,3532,52798,0.10099414166518729,0.1025208592224392,0.0026954909423836638,0.971038583496621,0.21574649387537725,0.7404841578736555,0.21154647126240644,0.16177667027651774,0.05282552991056616,7679.849852443231,0.13633676286957627,intv_mechanical_ventilation,resp_failure,,,,,
unadjusted,0.11217595196152844,11.217595196152844,0.09729035247779494,0.12706155144526193,0.007594833170991512,2.285941202324164e-49,full,mortality_90d,56330,3532,52798,0.16042961121959878,0.1025208592224392,0.0026954909423836638,0.971038583496621,0.21574649387537725,0.7404841578736555,0.21154647126240644,0.16177667027651774,0.05282552991056616,7679.849852443231,0.13633676286957627,intv_mechanical_ventilation,resp_failure,,,,,
iptw,0.1221823757595614,12.21823757595614,0.10262842308878603,0.14173632843033676,0.009976689788697365,1.7478842791430553e-34,full,mortality_90d,56330,3532,52798,0.16042961121959878,0.1025208592224392,0.0026954909423836638,0.971038583496621,0.21574649387537725,0.7404841578736555,0.21154647126240644,0.16177667027651774,0.05282552991056616,7679.849852443231,0.13633676286957627,intv_mechanical_ventilation,resp_failure,,,,,
aipw,0.08607191155839335,8.607191155839335,0.06930325336777947,0.10284056974900722,0.00855559506342102,8.274006029941515e-24,full,mortality_90d,56330,3532,52798,0.16042961121959878,0.1025208592224392,0.0026954909423836638,0.971038583496621,0.21574649387537725,0.7404841578736555,0.21154647126240644,0.16177667027651774,0.05282552991056616,7679.849852443231,0.13633676286957627,intv_mechanical_ventilation,resp_failure,0.2417780089495483,0.15570609739115496,1.5527844638104888,2.4792590329383946,2.247084826873162
att,0.07533282388342069,7.533282388342069,0.058223598497066376,0.092442049269775,0.008729357029674882,6.144589221966465e-18,full,mortality_90d,56330,3532,52798,0.16042961121959878,0.1025208592224392,0.0026954909423836638,0.971038583496621,0.21574649387537725,0.7404841578736555,0.21154647126240644,0.16177667027651774,0.05282552991056616,7679.849852443231,0.13633676286957627,intv_mechanical_ventilation,resp_failure,,0.1902390900463641,,,
ato,0.09941084530711414,9.941084530711414,0.08167080871362412,0.11715088190060416,0.009051205396334408,4.605224955063784e-28,full,mortality_90d,56330,3532,52798,0.16042961121959878,0.1025208592224392,0.0026954909423836638,0.971038583496621,0.21574649387537725,0.7404841578736555,0.21154647126240644,0.16177667027651774,0.05282552991056616,7679.849852443231,0.13633676286957627,intv_mechanical_ventilation,resp_failure,,,,,
unadjusted,0.21418312219112468,21.41831221911247,0.18667969569116677,0.24168654869108258,0.014032618311816658,1.3442002537471012e-52,equipoise,mortality_in_hospital,13039,1106,11933,0.105069407163126,0.23606104762635172,0.0059228158687182,0.9341920097822463,0.03466523506403865,0.45656704974603407,0.17968738160343928,0.15720963636317412,0.053371791734299234,2831.3107013070135,0.21714170575251274,intv_mechanical_ventilation,resp_failure,,,,,
iptw,0.1793854119196348,17.93854119196348,0.14924783506389505,0.20952298877537456,0.01537659727089943,1.8986109852504536e-31,equipoise,mortality_in_hospital,13039,1106,11933,0.105069407163126,0.23606104762635172,0.0059228158687182,0.9341920097822463,0.03466523506403865,0.45656704974603407,0.17968738160343928,0.15720963636317412,0.053371791734299234,2831.3107013070135,0.21714170575251274,intv_mechanical_ventilation,resp_failure,,,,,
aipw,0.14790387802455573,14.790387802455573,0.11902510128555152,0.17678265476355995,0.014734340511762627,1.0371594978235608e-23,equipoise,mortality_in_hospital,13039,1106,11933,0.105069407163126,0.23606104762635172,0.0059228158687182,0.9341920097822463,0.03466523506403865,0.45656704974603407,0.17968738160343928,0.15720963636317412,0.053371791734299234,2831.3107013070135,0.21714170575251274,intv_mechanical_ventilation,resp_failure,0.23917005857647414,0.0912661805519184,2.6205770541741686,4.681365020630203,4.0376382184611845
att,0.16273080631422765,16.273080631422765,0.13336130947896266,0.19210030314949264,0.014984712508458235,1.791639712349713e-27,equipoise,mortality_in_hospital,13039,1106,11933,0.105069407163126,0.23606104762635172,0.0059228158687182,0.9341920097822463,0.03466523506403865,0.45656704974603407,0.17968738160343928,0.15720963636317412,0.053371791734299234,2831.3107013070135,0.21714170575251274,intv_mechanical_ventilation,resp_failure,,0.13835418464418098,,,
ato,0.16503019905053,16.503019905053,0.13649196588635928,0.19356843221470074,0.014560590597213357,8.901082546365036e-30,equipoise,mortality_in_hospital,13039,1106,11933,0.105069407163126,0.23606104762635172,0.0059228158687182,0.9341920097822463,0.03466523506403865,0.45656704974603407,0.17968738160343928,0.15720963636317412,0.053371791734299234,2831.3107013070135,0.21714170575251274,intv_mechanical_ventilation,resp_failure,,,,,
unadjusted,0.18692537251007701,18.6925372510077,0.15867012849982465,0.21518061652032938,0.014416205722720475,1.8989181991775305e-38,equipoise,mortality_28d,13039,1106,11933,0.15261906587928523,0.23606104762635172,0.0059228158687182,0.9341920097822463,0.03466523506403865,0.45656704974603407,0.17968738160343928,0.15720963636317412,0.053371791734299234,2831.3107013070135,0.21714170575251274,intv_mechanical_ventilation,resp_failure,,,,,
iptw,0.15696541358508798,15.696541358508798,0.12551349920051008,0.18841732796966587,0.016047189965053745,1.3520645860358287e-22,equipoise,mortality_28d,13039,1106,11933,0.15261906587928523,0.23606104762635172,0.0059228158687182,0.9341920097822463,0.03466523506403865,0.45656704974603407,0.17968738160343928,0.15720963636317412,0.053371791734299234,2831.3107013070135,0.21714170575251274,intv_mechanical_ventilation,resp_failure,,,,,
aipw,0.12246515348982903,12.246515348982904,0.0932474201892384,0.15168288679041966,0.014907280710796927,2.1194584988481031e-16,equipoise,mortality_28d,13039,1106,11933,0.15261906587928523,0.23606104762635172,0.0059228158687182,0.9341920097822463,0.03466523506403865,0.45656704974603407,0.17968738160343928,0.15720963636317412,0.053371791734299234,2831.3107013070135,0.21714170575251274,intv_mechanical_ventilation,resp_failure,0.2636096244109879,0.14114447092115887,1.8676581710256024,3.1406424100376555,2.7080842967749343
att,0.1352777971600447,13.52777971600447,0.10644033396891149,0.1641152603511779,0.01471326178368554,3.7752651454632585e-20,equipoise,mortality_28d,13039,1106,11933,0.15261906587928523,0.23606104762635172,0.0059228158687182,0.9341920097822463,0.03466523506403865,0.45656704974603407,0.17968738160343928,0.15720963636317412,0.053371791734299234,2831.3107013070135,0.21714170575251274,intv_mechanical_ventilation,resp_failure,,0.18841117209854474,,,
ato,0.13631734457874561,13.631734457874561,0.10693278416376185,0.16570190499372936,0.014992398149540207,9.684898788501416e-20,equipoise,mortality_28d,13039,1106,11933,0.15261906587928523,0.23606104762635172,0.0059228158687182,0.9341920097822463,0.03466523506403865,0.45656704974603407,0.17968738160343928,0.15720963636317412,0.053371791734299234,2831.3107013070135,0.21714170575251274,intv_mechanical_ventilation,resp_failure,,,,,
unadjusted,0.18399589086080223,18.399589086080223,0.1543831117068673,0.21360867001473716,0.015108838421275472,4.0699285778663115e-34,equipoise,mortality_90d,13039,1106,11933,0.21949536007362527,0.23606104762635172,0.0059228158687182,0.9341920097822463,0.03466523506403865,0.45656704974603407,0.17968738160343928,0.15720963636317412,0.053371791734299234,2831.3107013070135,0.21714170575251274,intv_mechanical_ventilation,resp_failure,,,,,
iptw,0.15029205052438527,15.029205052438527,0.11699156474849282,0.18359253630027772,0.016990355964988352,9.093432356266917e-19,equipoise,mortality_90d,13039,1106,11933,0.21949536007362527,0.23606104762635172,0.0059228158687182,0.9341920097822463,0.03466523506403865,0.45656704974603407,0.17968738160343928,0.15720963636317412,0.053371791734299234,2831.3107013070135,0.21714170575251274,intv_mechanical_ventilation,resp_failure,,,,,
aipw,0.10904131697715762,10.904131697715762,0.0784568975254993,0.13962573642881593,0.015604582376464221,2.792789811579431e-12,equipoise,mortality_90d,13039,1106,11933,0.21949536007362527,0.23606104762635172,0.0059228158687182,0.9341920097822463,0.03466523506403865,0.45656704974603407,0.17968738160343928,0.15720963636317412,0.053371791734299234,2831.3107013070135,0.21714170575251274,intv_mechanical_ventilation,resp_failure,0.31782107148722044,0.20877975451006284,1.5222791703776146,2.4139375703200723,2.094818027188933
att,0.12632982002105844,12.632982002105845,0.0969428247157422,0.15571681532637469,0.014993640463353981,3.5902839898419727e-17,equipoise,mortality_90d,13039,1106,11933,0.21949536007362527,0.23606104762635172,0.0059228158687182,0.9341920097822463,0.03466523506403865,0.45656704974603407,0.17968738160343928,0.15720963636317412,0.053371791734299234,2831.3107013070135,0.21714170575251274,intv_mechanical_ventilation,resp_failure,,0.26155444761004465,,,
ato,0.12858048739696126,12.858048739696127,0.09773707621874303,0.1594238985751795,0.015736723440587234,3.0653395210186644e-16,equipoise,mortality_90d,13039,1106,11933,0.21949536007362527,0.23606104762635172,0.0059228158687182,0.9341920097822463,0.03466523506403865,0.45656704974603407,0.17968738160343928,0.15720963636317412,0.053371791734299234,2831.3107013070135,0.21714170575251274,intv_mechanical_ventilation,resp_failure,,,,,
unadjusted,0.45954851567876526,45.954851567876524,0.4297913616223392,0.4893056697351913,0.015182500439368609,2.996830692004825e-201,full,mortality_in_hospital,76313,1081,75232,0.09090194331241074,0.02826517107177021,0.00031056793567714013,0.8719299980710237,0.9093732391597762,1.1509342610930822,0.5098041446239606,0.666595566642954,0.2971311031847397,10678.577695285912,0.13993130522042002,intv_rrt,aki_23,,,,,
iptw,0.4513039545513635,45.13039545513635,0.4208785925940465,0.48172931650868056,0.015523429102426597,8.01002815898762e-186,full,mortality_in_hospital,76313,1081,75232,0.09090194331241074,0.02826517107177021,0.00031056793567714013,0.8719299980710237,0.9093732391597762,1.1509342610930822,0.5098041446239606,0.666595566642954,0.2971311031847397,10678.577695285912,0.13993130522042002,intv_rrt,aki_23,,,,,
aipw,0.21163006584132965,21.163006584132965,0.19965657563175954,0.22360355605089977,0.006109035831278275,5.8667635532218865e-263,full,mortality_in_hospital,76313,1081,75232,0.09090194331241074,0.02826517107177021,0.00031056793567714013,0.8719299980710237,0.9093732391597762,1.1509342610930822,0.5098041446239606,0.666595566642954,0.2971311031847397,10678.577695285912,0.13993130522042002,intv_rrt,aki_23,0.29928954200673025,0.08765947616540062,3.414229186608584,6.285244991525256,6.009903649899833
att,0.22890138333929935,22.890138333929936,0.1925092312047028,0.2652935354738959,0.018567765745520434,6.410294819684266e-35,full,mortality_in_hospital,76313,1081,75232,0.09090194331241074,0.02826517107177021,0.00031056793567714013,0.8719299980710237,0.9093732391597762,1.1509342610930822,0.5098041446239606,0.666595566642954,0.2971311031847397,10678.577695285912,0.13993130522042002,intv_rrt,aki_23,,0.31503941222036774,,,
ato,0.378844789839197,37.8844789839197,0.3472933604602635,0.4103962192181305,0.016097963854339745,1.843450832201251e-122,full,mortality_in_hospital,76313,1081,75232,0.09090194331241074,0.02826517107177021,0.00031056793567714013,0.8719299980710237,0.9093732391597762,1.1509342610930822,0.5098041446239606,0.666595566642954,0.2971311031847397,10678.577695285912,0.13993130522042002,intv_rrt,aki_23,,,,,
unadjusted,0.42071977608284467,42.07197760828446,0.3909090194674578,0.4505305326982315,0.015209849186276022,2.0574487462145368e-168,full,mortality_28d,76313,1081,75232,0.12270517474086984,0.02826517107177021,0.00031056793567714013,0.8719299980710237,0.9093732391597762,1.1509342610930822,0.5098041446239606,0.666595566642954,0.2971311031847397,10678.577695285912,0.13993130522042002,intv_rrt,aki_23,,,,,
iptw,0.41127530844990146,41.12753084499015,0.3807999280411775,0.4417506888586254,0.015548949189428925,3.6140851045611735e-154,full,mortality_28d,76313,1081,75232,0.12270517474086984,0.02826517107177021,0.00031056793567714013,0.8719299980710237,0.9093732391597762,1.1509342610930822,0.5098041446239606,0.666595566642954,0.2971311031847397,10678.577695285912,0.13993130522042002,intv_rrt,aki_23,,,,,
aipw,0.160534412957158,16.0534412957158,0.148758353124428,0.172310472789888,0.00600830419620874,2.8500860348156962e-157,full,mortality_28d,76313,1081,75232,0.12270517474086984,0.02826517107177021,0.00031056793567714013,0.8719299980710237,0.9093732391597762,1.1509342610930822,0.5098041446239606,0.666595566642954,0.2971311031847397,10678.577695285912,0.13993130522042002,intv_rrt,aki_23,0.2806704497692554,0.12013603681209749,2.3362719232052482,4.103160311290897,3.9030345840109595
att,0.1813678286386725,18.13678286386725,0.1463923080646143,0.2163433492127307,0.017844981259829588,2.8846885751324735e-24,full,mortality_28d,76313,1081,75232,0.12270517474086984,0.02826517107177021,0.00031056793567714013,0.8719299980710237,0.9093732391597762,1.1509342610930822,0.5098041446239606,0.666595566642954,0.2971311031847397,10678.577695285912,0.13993130522042002,intv_rrt,aki_23,,0.35609748125956986,,,
ato,0.3382895224469221,33.82895224469221,0.30669895643332884,0.3698800884605154,0.0161179318920019,8.372534953543171e-98,full,mortality_28d,76313,1081,75232,0.12270517474086984,0.02826517107177021,0.00031056793567714013,0.8719299980710237,0.9093732391597762,1.1509342610930822,0.5098041446239606,0.666595566642954,0.2971311031847397,10678.577695285912,0.13993130522042002,intv_rrt,aki_23,,,,,
unadjusted,0.44013958081096827,44.013958081096824,0.41094718568494426,0.4693319759369923,0.014894352833159118,6.419363330671101e-192,full,mortality_90d,76313,1081,75232,0.17664093928950506,0.02826517107177021,0.00031056793567714013,0.8719299980710237,0.9093732391597762,1.1509342610930822,0.5098041446239606,0.666595566642954,0.2971311031847397,10678.577695285912,0.13993130522042002,intv_rrt,aki_23,,,,,
iptw,0.4339622899368142,43.39622899368142,0.4040506890227841,0.46387389085084424,0.015261301304497914,7.37046486237664e-178,full,mortality_90d,76313,1081,75232,0.17664093928950506,0.02826517107177021,0.00031056793567714013,0.8719299980710237,0.9093732391597762,1.1509342610930822,0.5098041446239606,0.666595566642954,0.2971311031847397,10678.577695285912,0.13993130522042002,intv_rrt,aki_23,,,,,
aipw,0.18919176896192874,18.919176896192873,0.17761355715460786,0.20076998076924962,0.005907359471219039,4.671508377774385e-225,full,mortality_90d,76313,1081,75232,0.17664093928950506,0.02826517107177021,0.00031056793567714013,0.8719299980710237,0.9093732391597762,1.1509342610930822,0.5098041446239606,0.666595566642954,0.2971311031847397,10678.577695285912,0.13993130522042002,intv_rrt,aki_23,0.363114388612628,0.17392261965069933,2.0877927744067764,3.5948050153850533,3.4579247282510135
att,0.19189928454781133,19.189928454781132,0.1574713783933527,0.22632719070226995,0.017565581013743906,8.77981266213866e-28,full,mortality_90d,76313,1081,75232,0.17664093928950506,0.02826517107177021,0.00031056793567714013,0.8719299980710237,0.9093732391597762,1.1509342610930822,0.5098041446239606,0.666595566642954,0.2971311031847397,10678.577695285912,0.13993130522042002,intv_rrt,aki_23,,0.4186465063865088,,,
ato,0.3560050558996774,35.60050558996774,0.3248523370948335,0.3871577747045213,0.01589453635402107,4.120947444707817e-111,full,mortality_90d,76313,1081,75232,0.17664093928950506,0.02826517107177021,0.00031056793567714013,0.8719299980710237,0.9093732391597762,1.1509342610930822,0.5098041446239606,0.666595566642954,0.2971311031847397,10678.577695285912,0.13993130522042002,intv_rrt,aki_23,,,,,
unadjusted,0.41427338479693976,41.42733847969397,0.38371370737877314,0.4448330622151064,0.01559195865802507,1.5215238618778692e-155,equipoise,mortality_in_hospital,28188,1035,27153,0.1555271746842628,0.08056619838229033,0.0007197373445908297,0.8845706666177147,0.7447140627217256,1.1120996773693397,0.4543922853368739,0.44503925994839516,0.21630030144471174,3422.70783946637,0.12142428833072123,intv_rrt,aki_23,,,,,
iptw,0.3799331247447295,37.99331247447295,0.33308364169159516,0.42678260779786387,0.023903236703672667,6.903386216572488e-57,equipoise,mortality_in_hospital,28188,1035,27153,0.1555271746842628,0.08056619838229033,0.0007197373445908297,0.8845706666177147,0.7447140627217256,1.1120996773693397,0.4543922853368739,0.44503925994839516,0.21630030144471174,3422.70783946637,0.12142428833072123,intv_rrt,aki_23,,,,,
aipw,0.23588220605394347,23.588220605394348,0.2096609433289347,0.26210346877895224,0.013378441099856295,1.4113014641669537e-69,equipoise,mortality_in_hospital,28188,1035,27153,0.1555271746842628,0.08056619838229033,0.0007197373445908297,0.8845706666177147,0.7447140627217256,1.1120996773693397,0.4543922853368739,0.44503925994839516,0.21630030144471174,3422.70783946637,0.12142428833072123,intv_rrt,aki_23,0.38423969541617686,0.14835748936223342,2.5899581953561337,4.619225368090238,4.259938389436121
att,0.19526482111822727,19.526482111822727,0.1557907141818669,0.23473892805458763,0.020140220559013884,3.1580974746608894e-22,equipoise,mortality_in_hospital,28188,1035,27153,0.1555271746842628,0.08056619838229033,0.0007197373445908297,0.8845706666177147,0.7447140627217256,1.1120996773693397,0.4543922853368739,0.44503925994839516,0.21630030144471174,3422.70783946637,0.12142428833072123,intv_rrt,aki_23,,0.359324550862449,,,
ato,0.29422983302111483,29.422983302111483,0.2600591134965387,0.32840055254569095,0.01743436093423676,6.70767045712153e-64,equipoise,mortality_in_hospital,28188,1035,27153,0.1555271746842628,0.08056619838229033,0.0007197373445908297,0.8845706666177147,0.7447140627217256,1.1120996773693397,0.4543922853368739,0.44503925994839516,0.21630030144471174,3422.70783946637,0.12142428833072123,intv_rrt,aki_23,,,,,
unadjusted,0.3675599941715144,36.75599941715144,0.3368998316595118,0.398220156683517,0.01564322750512053,4.4363668909632566e-122,equipoise,mortality_28d,28188,1035,27153,0.19472825315737194,0.08056619838229033,0.0007197373445908297,0.8845706666177147,0.7447140627217256,1.1120996773693397,0.4543922853368739,0.44503925994839516,0.21630030144471174,3422.70783946637,0.12142428833072123,intv_rrt,aki_23,,,,,
iptw,0.33456174605853595,33.4561746058536,0.2876614865059974,0.3814620056110745,0.023929143556964225,2.026062015312607e-44,equipoise,mortality_28d,28188,1035,27153,0.19472825315737194,0.08056619838229033,0.0007197373445908297,0.8845706666177147,0.7447140627217256,1.1120996773693397,0.4543922853368739,0.44503925994839516,0.21630030144471174,3422.70783946637,0.12142428833072123,intv_rrt,aki_23,,,,,
aipw,0.19367990470441107,19.367990470441107,0.16843542881000456,0.21892438059881758,0.012880071314336244,4.19046117435473e-51,equipoise,mortality_28d,28188,1035,27153,0.19472825315737194,0.08056619838229033,0.0007197373445908297,0.8845706666177147,0.7447140627217256,1.1120996773693397,0.4543922853368739,0.44503925994839516,0.21630030144471174,3422.70783946637,0.12142428833072123,intv_rrt,aki_23,0.3829222402817877,0.1892423355773766,2.02344913527671,3.462510380594419,3.1870647192675703
att,0.14940777270039496,14.940777270039495,0.11096944054558522,0.1878461048552047,0.019611754327123563,2.5708457996416023e-14,equipoise,mortality_28d,28188,1035,27153,0.19472825315737194,0.08056619838229033,0.0007197373445908297,0.8845706666177147,0.7447140627217256,1.1120996773693397,0.4543922853368739,0.44503925994839516,0.21630030144471174,3422.70783946637,0.12142428833072123,intv_rrt,aki_23,,0.399384497831006,,,
ato,0.2482013102586303,24.82013102586303,0.21398331483661126,0.2824193056806493,0.01745848173330031,7.221772279949183e-46,equipoise,mortality_28d,28188,1035,27153,0.19472825315737194,0.08056619838229033,0.0007197373445908297,0.8845706666177147,0.7447140627217256,1.1120996773693397,0.4543922853368739,0.44503925994839516,0.21630030144471174,3422.70783946637,0.12142428833072123,intv_rrt,aki_23,,,,,
unadjusted,0.37908150112326444,37.908150112326446,0.3491068616150184,0.40905614063151047,0.015293464443572524,1.2332814996744653e-135,equipoise,mortality_90d,28188,1035,27153,0.25705974173407126,0.08056619838229033,0.0007197373445908297,0.8845706666177147,0.7447140627217256,1.1120996773693397,0.4543922853368739,0.44503925994839516,0.21630030144471174,3422.70783946637,0.12142428833072123,intv_rrt,aki_23,,,,,
iptw,0.3649265516511603,36.49265516511603,0.3193009211529926,0.410552182149328,0.023278810660837063,2.1954543874459974e-55,equipoise,mortality_90d,28188,1035,27153,0.25705974173407126,0.08056619838229033,0.0007197373445908297,0.8845706666177147,0.7447140627217256,1.1120996773693397,0.4543922853368739,0.44503925994839516,0.21630030144471174,3422.70783946637,0.12142428833072123,intv_rrt,aki_23,,,,,
aipw,0.20992124232851359,20.99212423285136,0.1853101452150959,0.23453233944193128,0.012556912936945218,9.759687090475278e-63,equipoise,mortality_90d,28188,1035,27153,0.25705974173407126,0.08056619838229033,0.0007197373445908297,0.8845706666177147,0.7447140627217256,1.1120996773693397,0.4543922853368739,0.44503925994839516,0.21630030144471174,3422.70783946637,0.12142428833072123,intv_rrt,aki_23,0.46085887941057374,0.25093763708206007,1.8365474576452891,3.076046996385859,2.8715243928625425
att,0.16673418930520809,16.673418930520807,0.12895813050192378,0.2045102481084924,0.019273853551012694,5.114112236539669e-18,equipoise,mortality_90d,28188,1035,27153,0.25705974173407126,0.08056619838229033,0.0007197373445908297,0.8845706666177147,0.7447140627217256,1.1120996773693397,0.4543922853368739,0.44503925994839516,0.21630030144471174,3422.70783946637,0.12142428833072123,intv_rrt,aki_23,,0.4554880329170142,,,
ato,0.2608482769792355,26.08482769792355,0.22732432619289458,0.2943722277655765,0.017104370820470984,1.6365985584303234e-52,equipoise,mortality_90d,28188,1035,27153,0.25705974173407126,0.08056619838229033,0.0007197373445908297,0.8845706666177147,0.7447140627217256,1.1120996773693397,0.4543922853368739,0.44503925994839516,0.21630030144471174,3422.70783946637,0.12142428833072123,intv_rrt,aki_23,,,,,
unadjusted,0.09012836094732148,9.012836094732148,0.0807484054087678,0.09950831648587515,0.00478577954112502,4.087186654768597e-79,full,mortality_in_hospital,74180,6535,67645,0.08980857373955244,0.28471286060932866,0.0034660515422201307,0.9244920941685085,0.08047991372337557,0.3747320093744149,0.13371967459643422,0.07983551109193186,0.03536922340613533,17767.50575183304,0.23951881574323322,intv_corticosteroids,septic_shock,,,,,
iptw,0.05604366440044274,5.6043664400442745,0.04691529642267169,0.0651720323782138,0.004657416182018881,2.3773604885574685e-33,full,mortality_in_hospital,74180,6535,67645,0.08980857373955244,0.28471286060932866,0.0034660515422201307,0.9244920941685085,0.08047991372337557,0.3747320093744149,0.13371967459643422,0.07983551109193186,0.03536922340613533,17767.50575183304,0.23951881574323322,intv_corticosteroids,septic_shock,,,,,
aipw,0.0371429791583632,3.71429791583632,0.02913152732881387,0.045154430987912525,0.004087550532939705,1.0194517439126388e-19,full,mortality_in_hospital,74180,6535,67645,0.08980857373955244,0.28471286060932866,0.0034660515422201307,0.9244920941685085,0.08047991372337557,0.3747320093744149,0.13371967459643422,0.07983551109193186,0.03536922340613533,17767.50575183304,0.23951881574323322,intv_corticosteroids,septic_shock,0.12362505145146815,0.08648207229310495,1.42948761718473,2.213035465436352,2.007908389347805
att,0.03775973638828992,3.7759736388289924,0.028472579851733296,0.04704689292484655,0.004738432241516953,1.6019036007317975e-15,full,mortality_in_hospital,74180,6535,67645,0.08980857373955244,0.28471286060932866,0.0034660515422201307,0.9244920941685085,0.08047991372337557,0.3747320093744149,0.13371967459643422,0.07983551109193186,0.03536922340613533,17767.50575183304,0.23951881574323322,intv_corticosteroids,septic_shock,,0.1342372031679457,,,
ato,0.045570917809516776,4.557091780951677,0.03587841310555266,0.05526342251348089,0.004945246331268002,3.110009889462124e-20,full,mortality_in_hospital,74180,6535,67645,0.08980857373955244,0.28471286060932866,0.0034660515422201307,0.9244920941685085,0.08047991372337557,0.3747320093744149,0.13371967459643422,0.07983551109193186,0.03536922340613533,17767.50575183304,0.23951881574323322,intv_corticosteroids,septic_shock,,,,,
unadjusted,0.09128811282041248,9.128811282041248,0.08122309131416695,0.101353134326658,0.00513530941672252,1.0737768837027672e-70,full,mortality_28d,74180,6535,67645,0.12119169587489889,0.28471286060932866,0.0034660515422201307,0.9244920941685085,0.08047991372337557,0.3747320093744149,0.13371967459643422,0.07983551109193186,0.03536922340613533,17767.50575183304,0.23951881574323322,intv_corticosteroids,septic_shock,,,,,
iptw,0.05903629464545462,5.903629464545462,0.04888427255908093,0.06918831673182832,0.0051796982834641635,4.29646989263462e-30,full,mortality_28d,74180,6535,67645,0.12119169587489889,0.28471286060932866,0.0034660515422201307,0.9244920941685085,0.08047991372337557,0.3747320093744149,0.13371967459643422,0.07983551109193186,0.03536922340613533,17767.50575183304,0.23951881574323322,intv_corticosteroids,septic_shock,,,,,
aipw,0.0360265103919654,3.60265103919654,0.027470014062825183,0.04458300672110562,0.004365639571253743,1.5539177965509546e-16,full,mortality_28d,74180,6535,67645,0.12119169587489889,0.28471286060932866,0.0034660515422201307,0.9244920941685085,0.08047991372337557,0.3747320093744149,0.13371967459643422,0.07983551109193186,0.03536922340613533,17767.50575183304,0.23951881574323322,intv_corticosteroids,septic_shock,0.1541417153821671,0.11811520499020171,1.305011623143303,1.9359186792108474,1.7679744864326095
att,0.03492182001940914,3.492182001940914,0.02525121659309479,0.04459242344572349,0.004934072004687248,1.4657974111230347e-12,full,mortality_28d,74180,6535,67645,0.12119169587489889,0.28471286060932866,0.0034660515422201307,0.9244920941685085,0.08047991372337557,0.3747320093744149,0.13371967459643422,0.07983551109193186,0.03536922340613533,17767.50575183304,0.23951881574323322,intv_corticosteroids,septic_shock,,0.16951582343889232,,,
ato,0.04423419345164073,4.423419345164073,0.03378085965384949,0.05468752724943197,0.005333431573358389,1.0972511075828304e-16,full,mortality_28d,74180,6535,67645,0.12119169587489889,0.28471286060932866,0.0034660515422201307,0.9244920941685085,0.08047991372337557,0.3747320093744149,0.13371967459643422,0.07983551109193186,0.03536922340613533,17767.50575183304,0.23951881574323322,intv_corticosteroids,septic_shock,,,,,
unadjusted,0.10599018696723517,10.599018696723517,0.09484610192224303,0.1171342720122273,0.005685862155067773,1.494062721696536e-77,full,mortality_90d,74180,6535,67645,0.1751145861418172,0.28471286060932866,0.0034660515422201307,0.9244920941685085,0.08047991372337557,0.3747320093744149,0.13371967459643422,0.07983551109193186,0.03536922340613533,17767.50575183304,0.23951881574323322,intv_corticosteroids,septic_shock,,,,,
iptw,0.0710180330344106,7.101803303441059,0.05944814349579647,0.08258792257302472,0.005903113337732703,2.4535207839201136e-33,full,mortality_90d,74180,6535,67645,0.1751145861418172,0.28471286060932866,0.0034660515422201307,0.9244920941685085,0.08047991372337557,0.3747320093744149,0.13371967459643422,0.07983551109193186,0.03536922340613533,17767.50575183304,0.23951881574323322,intv_corticosteroids,septic_shock,,,,,
aipw,0.03977881025630664,3.977881025630664,0.03007803240989282,0.04947958810272046,0.0049494673998768945,9.207365864346012e-16,full,mortality_90d,74180,6535,67645,0.1751145861418172,0.28471286060932866,0.0034660515422201307,0.9244920941685085,0.08047991372337557,0.3747320093744149,0.13371967459643422,0.07983551109193186,0.03536922340613533,17767.50575183304,0.23951881574323322,intv_corticosteroids,septic_shock,0.21157775679552362,0.17179894653921698,1.231542806621496,1.7655417559834357,1.6286503694776775
att,0.03763644157932431,3.763644157932431,0.027126072349282784,0.048146810809365836,0.005362531818414002,2.2440883565619093e-12,full,mortality_90d,74180,6535,67645,0.1751145861418172,0.28471286060932866,0.0034660515422201307,0.9244920941685085,0.08047991372337557,0.3747320093744149,0.13371967459643422,0.07983551109193186,0.03536922340613533,17767.50575183304,0.23951881574323322,intv_corticosteroids,septic_shock,,0.2341309646945854,,,
ato,0.05018083135293569,5.018083135293569,0.03860723524045387,0.06175442746541751,0.005905004481599085,1.9285606153502917e-17,full,mortality_90d,74180,6535,67645,0.1751145861418172,0.28471286060932866,0.0034660515422201307,0.9244920941685085,0.08047991372337557,0.3747320093744149,0.13371967459643422,0.07983551109193186,0.03536922340613533,17767.50575183304,0.23951881574323322,intv_corticosteroids,septic_shock,,,,,
unadjusted,0.1477561960982268,14.77561960982268,0.12837149209153367,0.16714090010491992,0.009890336842716091,1.8247413694635453e-50,equipoise,mortality_in_hospital,20660,2291,18369,0.16456921587608905,0.4487899322362052,0.0025806556638460613,0.8824562618817049,0.10067763794772508,0.4103870247618904,0.16597081068459188,0.1051181223471951,0.049417040697038915,5256.40413493367,0.2544242078864313,intv_corticosteroids,septic_shock,,,,,
iptw,0.10941240873271227,10.941240873271227,0.08885594670421706,0.12996887076120747,0.010488183553698925,1.771775953806255e-25,equipoise,mortality_in_hospital,20660,2291,18369,0.16456921587608905,0.4487899322362052,0.0025806556638460613,0.8824562618817049,0.10067763794772508,0.4103870247618904,0.16597081068459188,0.1051181223471951,0.049417040697038915,5256.40413493367,0.2544242078864313,intv_corticosteroids,septic_shock,,,,,
aipw,0.07133114193654623,7.133114193654623,0.05229194854208072,0.09037033533101174,0.009714052678847285,2.087214695715837e-13,equipoise,mortality_in_hospital,20660,2291,18369,0.16456921587608905,0.4487899322362052,0.0025806556638460613,0.8824562618817049,0.10067763794772508,0.4103870247618904,0.16597081068459188,0.1051181223471951,0.049417040697038915,5256.40413493367,0.2544242078864313,intv_corticosteroids,septic_shock,0.22871620396100428,0.15738506202445804,1.4532268883654358,2.2647941996236276,1.9975728974551843
att,0.06478595310986322,6.478595310986322,0.04542351165425025,0.0841483945654762,0.009878978189569525,5.4548490955966006e-11,equipoise,mortality_in_hospital,20660,2291,18369,0.16456921587608905,0.4487899322362052,0.0025806556638460613,0.8824562618817049,0.10067763794772508,0.4103870247618904,0.16597081068459188,0.1051181223471951,0.049417040697038915,5256.40413493367,0.2544242078864313,intv_corticosteroids,septic_shock,,0.23115468416643534,,,
ato,0.08408161576896936,8.408161576896935,0.06353566505518805,0.10462756648275066,0.01048282053948192,1.0497638322010511e-15,equipoise,mortality_in_hospital,20660,2291,18369,0.16456921587608905,0.4487899322362052,0.0025806556638460613,0.8824562618817049,0.10067763794772508,0.4103870247618904,0.16597081068459188,0.1051181223471951,0.049417040697038915,5256.40413493367,0.2544242078864313,intv_corticosteroids,septic_shock,,,,,
unadjusted,0.13567852999636745,13.567852999636745,0.11570034319932457,0.15565671679341034,0.010193139748805731,2.0040794656838895e-40,equipoise,mortality_28d,20660,2291,18369,0.20324298160697,0.4487899322362052,0.0025806556638460613,0.8824562618817049,0.10067763794772508,0.4103870247618904,0.16597081068459188,0.1051181223471951,0.049417040697038915,5256.40413493367,0.2544242078864313,intv_corticosteroids,septic_shock,,,,,
iptw,0.10188925294469661,10.18892529446966,0.08032428322977372,0.1234542226596195,0.01100273774672628,2.0375442475481167e-20,equipoise,mortality_28d,20660,2291,18369,0.20324298160697,0.4487899322362052,0.0025806556638460613,0.8824562618817049,0.10067763794772508,0.4103870247618904,0.16597081068459188,0.1051181223471951,0.049417040697038915,5256.40413493367,0.2544242078864313,intv_corticosteroids,septic_shock,,,,,
aipw,0.05671886699836007,5.671886699836007,0.03807763965290643,0.07536009434381372,0.009511005045242292,2.4689329506158957e-09,equipoise,mortality_28d,20660,2291,18369,0.20324298160697,0.4487899322362052,0.0025806556638460613,0.8824562618817049,0.10067763794772508,0.4103870247618904,0.16597081068459188,0.1051181223471951,0.049417040697038915,5256.40413493367,0.2544242078864313,intv_corticosteroids,septic_shock,0.25424373351755225,0.1975248665191922,1.287147982924211,1.8950969503726753,1.67228999552027
att,0.05156536783652933,5.156536783652934,0.032055434773199165,0.0710753008998595,0.009954230392610286,2.215927979279402e-07,equipoise,mortality_28d,20660,2291,18369,0.20324298160697,0.4487899322362052,0.0025806556638460613,0.8824562618817049,0.10067763794772508,0.4103870247618904,0.16597081068459188,0.1051181223471951,0.049417040697038915,5256.40413493367,0.2544242078864313,intv_corticosteroids,septic_shock,,0.2723106688286823,,,
ato,0.06990011720139239,6.990011720139239,0.048733102853178105,0.09106713154960666,0.01079969556337616,9.644844675667158e-11,equipoise,mortality_28d,20660,2291,18369,0.20324298160697,0.4487899322362052,0.0025806556638460613,0.8824562618817049,0.10067763794772508,0.4103870247618904,0.16597081068459188,0.1051181223471951,0.049417040697038915,5256.40413493367,0.2544242078864313,intv_corticosteroids,septic_shock,,,,,
unadjusted,0.13998155899030829,13.998155899030829,0.11896212229169315,0.16100099568892343,0.010724399460609367,6.139536579477353e-39,equipoise,mortality_90d,20660,2291,18369,0.27362052274927395,0.4487899322362052,0.0025806556638460613,0.8824562618817049,0.10067763794772508,0.4103870247618904,0.16597081068459188,0.1051181223471951,0.049417040697038915,5256.40413493367,0.2544242078864313,intv_corticosteroids,septic_shock,,,,,
iptw,0.11182177209112826,11.182177209112826,0.08857270732958256,0.13507083685267396,0.011861985702253384,4.2238143734863905e-21,equipoise,mortality_90d,20660,2291,18369,0.27362052274927395,0.4487899322362052,0.0025806556638460613,0.8824562618817049,0.10067763794772508,0.4103870247618904,0.16597081068459188,0.1051181223471951,0.049417040697038915,5256.40413493367,0.2544242078864313,intv_corticosteroids,septic_shock,,,,,
aipw,0.05933837099274928,5.933837099274928,0.038801685753570236,0.07987505623192832,0.010478093169655053,1.4867226078746704e-08,equipoise,mortality_90d,20660,2291,18369,0.27362052274927395,0.4487899322362052,0.0025806556638460613,0.8824562618817049,0.10067763794772508,0.4103870247618904,0.16597081068459188,0.1051181223471951,0.049417040697038915,5256.40413493367,0.2544242078864313,intv_corticosteroids,septic_shock,0.327838792898292,0.2685004219055427,1.2209991722606093,1.7404602452973514,1.551202194696576
att,0.04617253750828779,4.617253750828779,0.025976477830541307,0.06636859718603427,0.010304301424439647,7.43291618713153e-06,equipoise,mortality_90d,20660,2291,18369,0.27362052274927395,0.4487899322362052,0.0025806556638460613,0.8824562618817049,0.10067763794772508,0.4103870247618904,0.16597081068459188,0.1051181223471951,0.049417040697038915,5256.40413493367,0.2544242078864313,intv_corticosteroids,septic_shock,,0.3519069037837244,,,
ato,0.06835051695994993,6.835051695994992,0.046154509132038946,0.0905465247878609,0.011324701883805143,1.5844707481922007e-09,equipoise,mortality_90d,20660,2291,18369,0.27362052274927395,0.4487899322362052,0.0025806556638460613,0.8824562618817049,0.10067763794772508,0.4103870247618904,0.16597081068459188,0.1051181223471951,0.049417040697038915,5256.40413493367,0.2544242078864313,intv_corticosteroids,septic_shock,,,,,
unadjusted,0.08093426799698415,8.093426799698415,0.07440068783143738,0.08746784816253092,0.0033335205223579663,3.274182829556808e-130,full,mortality_in_hospital,42112,11563,30549,0.06919642857142858,0.8332066869300911,0.02815364414756219,0.9884253736793368,0.0012110562310030395,0.7283711247716538,0.1996010207350065,0.03486512323203772,0.015155523130994691,20750.29294873012,0.492740619033295,intv_antibiotics,suspected_infection,,,,,
iptw,0.03393551569377441,3.393551569377441,0.027487913594125182,0.04038311779342364,0.0032896533561366918,5.976060914379919e-25,full,mortality_in_hospital,42112,11563,30549,0.06919642857142858,0.8332066869300911,0.02815364414756219,0.9884253736793368,0.0012110562310030395,0.7283711247716538,0.1996010207350065,0.03486512323203772,0.015155523130994691,20750.29294873012,0.492740619033295,intv_antibiotics,suspected_infection,,,,,
aipw,0.026912676532583477,2.6912676532583477,0.02085267997605164,0.03297267308911531,0.0030918917920596083,3.196111284234423e-18,full,mortality_in_hospital,42112,11563,30549,0.06919642857142858,0.8332066869300911,0.02815364414756219,0.9884253736793368,0.0012110562310030395,0.7283711247716538,0.1996010207350065,0.03486512323203772,0.015155523130994691,20750.29294873012,0.492740619033295,intv_antibiotics,suspected_infection,0.08856533552433182,0.06165265899174834,1.4365209379888304,2.228399380233269,2.0110038746343997
att,0.027474117836157903,2.74741178361579,0.017695658769431404,0.0372525769028844,0.004989101403830754,3.6535918238350873e-08,full,mortality_in_hospital,42112,11563,30549,0.06919642857142858,0.8332066869300911,0.02815364414756219,0.9884253736793368,0.0012110562310030395,0.7283711247716538,0.1996010207350065,0.03486512323203772,0.015155523130994691,20750.29294873012,0.492740619033295,intv_antibiotics,suspected_infection,,0.10043386452136178,,,
ato,0.03794790584935297,3.7947905849352965,0.030387171519147733,0.045508640179558205,0.003857588399502921,7.783976718223076e-23,full,mortality_in_hospital,42112,11563,30549,0.06919642857142858,0.8332066869300911,0.02815364414756219,0.9884253736793368,0.0012110562310030395,0.7283711247716538,0.1996010207350065,0.03486512323203772,0.015155523130994691,20750.29294873012,0.492740619033295,intv_antibiotics,suspected_infection,,,,,
unadjusted,0.083290169103424,8.3290169103424,0.07600959259699894,0.09057074560984907,0.0037146481077475553,2.3967145285252715e-111,full,mortality_28d,42112,11563,30549,0.09792933130699089,0.8332066869300911,0.02815364414756219,0.9884253736793368,0.0012110562310030395,0.7283711247716538,0.1996010207350065,0.03486512323203772,0.015155523130994691,20750.29294873012,0.492740619033295,intv_antibiotics,suspected_infection,,,,,
iptw,0.03291656633105837,3.291656633105837,0.025373384337535575,0.040459748324581164,0.0038486329611270684,1.2014381991733165e-17,full,mortality_28d,42112,11563,30549,0.09792933130699089,0.8332066869300911,0.02815364414756219,0.9884253736793368,0.0012110562310030395,0.7283711247716538,0.1996010207350065,0.03486512323203772,0.015155523130994691,20750.29294873012,0.492740619033295,intv_antibiotics,suspected_infection,,,,,
aipw,0.025087641194471266,2.5087641194471266,0.018165072077861538,0.03201021031108099,0.0035319879197852973,1.2209466940270959e-12,full,mortality_28d,42112,11563,30549,0.09792933130699089,0.8332066869300911,0.02815364414756219,0.9884253736793368,0.0012110562310030395,0.7283711247716538,0.1996010207350065,0.03486512323203772,0.015155523130994691,20750.29294873012,0.492740619033295,intv_antibiotics,suspected_infection,0.1172756814258693,0.09218804023139805,1.2721355300698403,1.860517444132665,1.6827080983002425
att,0.020909560648219777,2.090956064821978,0.010385401495587138,0.03143371980085242,0.005369567622489936,9.85694853780015e-05,full,mortality_28d,42112,11563,30549,0.09792933130699089,0.8332066869300911,0.02815364414756219,0.9884253736793368,0.0012110562310030395,0.7283711247716538,0.1996010207350065,0.03486512323203772,0.015155523130994691,20750.29294873012,0.492740619033295,intv_antibiotics,suspected_infection,,0.1374403485448962,,,
ato,0.034641094296671573,3.4641094296671575,0.026015029442059412,0.043267159151283735,0.004401134369127933,3.519674122748038e-15,full,mortality_28d,42112,11563,30549,0.09792933130699089,0.8332066869300911,0.02815364414756219,0.9884253736793368,0.0012110562310030395,0.7283711247716538,0.1996010207350065,0.03486512323203772,0.015155523130994691,20750.29294873012,0.492740619033295,intv_antibiotics,suspected_infection,,,,,
unadjusted,0.10350548637185887,10.350548637185888,0.09511251577276188,0.11189845697095586,0.0042822065432322615,4.48468916831212e-129,full,mortality_90d,42112,11563,30549,0.1466565349544073,0.8332066869300911,0.02815364414756219,0.9884253736793368,0.0012110562310030395,0.7283711247716538,0.1996010207350065,0.03486512323203772,0.015155523130994691,20750.29294873012,0.492740619033295,intv_antibiotics,suspected_infection,,,,,
iptw,0.04428433719583963,4.428433719583963,0.03528114209504612,0.05328753229663314,0.004593551295742966,5.390112618682175e-22,full,mortality_90d,42112,11563,30549,0.1466565349544073,0.8332066869300911,0.02815364414756219,0.9884253736793368,0.0012110562310030395,0.7283711247716538,0.1996010207350065,0.03486512323203772,0.015155523130994691,20750.29294873012,0.492740619033295,intv_antibiotics,suspected_infection,,,,,
aipw,0.033710277320625294,3.3710277320625295,0.02572294201894161,0.04169761262230898,0.004075245955888356,1.3177294876359228e-16,full,mortality_90d,42112,11563,30549,0.1466565349544073,0.8332066869300911,0.02815364414756219,0.9884253736793368,0.0012110562310030395,0.7283711247716538,0.1996010207350065,0.03486512323203772,0.015155523130994691,20750.29294873012,0.492740619033295,intv_antibiotics,suspected_infection,0.17260014316703587,0.1388898658464106,1.2427122894474052,1.791913113278002,1.6537168005194736
att,0.028285909320760794,2.8285909320760796,0.016776259062344027,0.03979555957917756,0.005872378446340557,1.458990813956906e-06,full,mortality_90d,42112,11563,30549,0.1466565349544073,0.8332066869300911,0.02815364414756219,0.9884253736793368,0.0012110562310030395,0.7283711247716538,0.1996010207350065,0.03486512323203772,0.015155523130994691,20750.29294873012,0.492740619033295,intv_antibiotics,suspected_infection,,0.19345585319761682,,,
ato,0.04684923857867618,4.684923857867618,0.036828122584518896,0.05687035457283346,0.005112908233621926,5.050529322227931e-20,full,mortality_90d,42112,11563,30549,0.1466565349544073,0.8332066869300911,0.02815364414756219,0.9884253736793368,0.0012110562310030395,0.7283711247716538,0.1996010207350065,0.03486512323203772,0.015155523130994691,20750.29294873012,0.492740619033295,intv_antibiotics,suspected_infection,,,,,
